<?xml version="1.0" encoding="UTF-8"?>
<!DOCTYPE hibernate-configuration SYSTEM  "classpath://org/hibernate/hibernate-configuration-3.0.dtd">
<hibernate-configuration>
	<session-factory>
		<property name="hbm2ddl.auto">update</property>
		<property name="hibernate.connection.autocommit">true</property>
		<mapping class="com.teamsankya.shoppingcart.dto.OrderBean" />
		<mapping class="com.teamsankya.shoppingcart.dto.ProductBean" />
		<mapping class="com.teamsankya.shoppingcart.dto.UserBean" />
	</session-factory>
</hibernate-configuration>
