<?xml version="1.0" encoding="UTF-8"?>
<beans xmlns="http://www.springframework.org/schema/beans"
	xmlns:context="http://www.springframework.org/schema/context"
	xmlns:xsi="http://www.w3.org/2001/XMLSchema-instance"
	xmlns:mvc="http://www.springframework.org/schema/mvc"
	xmlns:tx="http://www.springframework.org/schema/tx"
	xsi:schemaLocation="http://www.springframework.org/schema/beans  
 	http://www.springframework.org/schema/beans/spring-beans.xsd  
 	http://www.springframework.org/schema/context
 	http://www.springframework.org/schema/context/spring-context.xsd
 	http://www.springframework.org/schema/mvc
 	http://www.springframework.org/schema/mvc/spring-mvc.xsd
 	http://www.springframework.org/schema/tx
 	http://www.springframework.org/schema/tx/spring-tx.xsd">

	<!-- 	Application Message Bundle -->
<!-- 	<bean id="messageSource"
		class="org.springframework.context.support.ReloadableResourceBundleMessageSource">
		<property name="basename" value="/WEB-INF/messages/messages" />
		<property name="defaultEncoding" value="UTF-8" />
		<property name="cacheSeconds" value="3000" />
	</bean>
 -->
	<bean
		class="org.springframework.web.servlet.view.InternalResourceViewResolver">
		<property name="prefix">
			<value>/WEB-INF/views/</value>
		</property>
		<property name="suffix">
			<value>.jsp</value>
		</property>
	</bean>

	<bean class="com.teamsankya.shoppingcart.dao.CartDAOImpl"
		autowire="byType"></bean>
	<bean class="com.teamsankya.shoppingcart.service.CartServiceImpl"
		autowire="byType"></bean>

	<context:component-scan base-package="com.teamsankya.shoppingcart" />
	
	<mvc:annotation-driven />
	
	<!-- CSS and Java script files read -->
	<!-- <mvc:resources mapping="/resources/**" location="/resources/datetheme/"
		cache-period="31556926" /> -->
		
	<bean id="propertyConfigurer"
		class="org.springframework.beans.factory.config.PropertyPlaceholderConfigurer">		
		<property name="location">
			<value>/WEB-INF/jdbc.properties</value>
		</property>
	</bean>		

	<bean id="dataSource" class="org.apache.commons.dbcp.BasicDataSource"
		destroy-method="close">
		<property name="driverClassName" value="${jdbc.driverClassName}" />
		<property name="url" value="${jdbc.databaseurl}" />
		<property name="username" value="${jdbc.username}" />
		<property name="password" value="${jdbc.password}" />
		<property name="defaultAutoCommit" value="true" />
<!-- 		<property name="hbm2ddl.auto" value="$(jdbc.hbm2ddl)"/> -->
	</bean>

	<bean id="sessionFactory"
		class="org.springframework.orm.hibernate5.LocalSessionFactoryBean">
		<property name="dataSource" ref="dataSource" />
		<property name="configLocation">
			<value>classpath:hibernate.cfg.xml</value>
		</property>
		<!-- <property name="configuration">
			<value>org.hibernate.cfg.AnnotationConfiguration</value>
		</property> -->
		<property name="hibernateProperties">
			<props>
				<prop key="hibernate.dialect">${jdbc.dialect}</prop>
				<prop key="hibernate.show_sql">true</prop>
				<prop key="hibernate.id.new_generator_mappings">true</prop>
				<prop key="hibernate.connection.autocommit">true</prop>
				<!-- <prop key="hbm2ddl.auto">$(jdbc.hbm2ddl)</prop> -->
			</props>
		</property>
	</bean>
	<bean id="transactionManager"
		class="org.springframework.orm.hibernate5.HibernateTransactionManager">
		<property name="sessionFactory" ref="sessionFactory"/>
		<property name="dataSource" ref="dataSource"></property>
	</bean>
	<tx:annotation-driven />
</beans>